,name,city
0,Big Bird,Fakeville
1,Michael Crane,Vargasland
2,Mary Griffith,Barberport
3,Cheryl Gardner,New Jeffrey
4,Jaime Rose,Kimmouth
5,Shane Gomez,Lake Amanda
6,Diane Hale,Dustinmouth
7,Ashley Kent,Johnstad
8,Christine Carroll,Weberville
9,Cheryl Rivera,Davisfort
10,Jason Salazar,West Jaimeburgh
11,Mrs. Virginia Smith,Hamiltonburgh
12,Jason Williams,South Conniemouth
13,Gary Richard,East Kimshire
14,Adam Payne,Jonesmouth
15,Brianna Gilbert,Goodmanborough
16,Kristy Hammond,South Mark
17,James Rogers,Samanthaborough
18,Jeremy Miller,Annaton
19,Jason Chase,Jasonland
20,Anna Morrow,Lopezberg
21,Luke Reid,West Laura
22,Curtis Hughes,Arellanomouth
23,Andrew Williams,North Keithmouth
24,Alejandro Gallagher,Hallstad
25,Stephen Garcia,Shermanland
26,Jacqueline Brooks,West Jonathanmouth
27,Rebecca Spencer,Mcfarlandview
28,Manuel Kelly,Cabrerastad
29,Deborah Henson,Kimberlyview
30,Eric Phillips,Port Beth
31,John Strickland,Port Dianeport
32,Madison Hill,New Jason
33,Roberta Young,Jenniferbury
34,Danielle Pittman,Katrinahaven
35,Sean Kaufman,Pachecoside
36,Cathy Peterson,Port Colinmouth
37,Jamie Hill,New Meredithville
38,Darrell Guerrero,Johnsonmouth
39,Steven Green Jr.,South Davidshire
40,Annette Cummings,West Kellie
41,Chad Miller,South Brian
42,Billy Moore,Port Bobby
43,Luis Flowers,Sanchezmouth
44,James Gilbert,Cindyberg
45,David Mcdonald,North Shelleytown
46,Diana Vasquez,West Christianberg
47,Courtney Gomez,Morganstad
48,Amanda Gilmore,North Misty
49,William Kramer,Angelicamouth
50,John Diaz,Dylantown
51,Jesus Smith,West Brenda
52,Jennifer Smith,Derekton
53,Ryan Hall,Byrdside
54,Lisa Turner,Annview
55,Elizabeth Lambert,Markfurt
56,Heather Whitehead,Sanchezview
57,Kristin Flowers,Markfurt
58,Jose Huynh,Lake Danieltown
59,Daniel Bennett,North Alyssa
60,Angela Kim,Brookestad
61,Daniel Mendoza,Port James
62,Christopher Johnson,Thompsonmouth
63,Donald Spencer,New William
64,Charles Williams,Garciahaven
65,Bryan Johnson,East Rebecca
66,Victor Watson,South Michael
67,Chad Padilla,Shawnmouth
68,David Campbell,Port Mikaylamouth
69,Courtney Martinez,Myersland
70,Jeffrey Davis,Gainesland
71,Elizabeth Mcclure,East Sharitown
72,Jose Gallegos,North Joshua
73,Miss Linda Smith,Andrewsview
74,Emily Dean,North Erin
75,Elizabeth Harris,Lake Corey
76,Alexandra Hernandez,Irwinberg
77,Eric Perez PhD,Lake Williamberg
78,Matthew Brown,Townsendtown
79,Robert King,West Jessica
80,Rebekah Shaw,Harrischester
81,Carlos Leonard,West Jesse
82,Kevin Horton,Port John
83,Stephen Rowe,Brownstad
84,Mr. Adam Cobb,Knappmouth
85,Jessica Christensen,North Mary
86,Timothy Wiggins,North Crystal
87,Garrett Chavez,Williamshaven
88,Craig Sanchez,North Anthony
89,Karen Small,Hernandezview
90,Kimberly Yu,Port Morgan
91,Mrs. Nicole Dillon,West Kathyview
92,Amanda Shepard,Robinland
93,Brian Ayala,West Paul
94,Mrs. Lindsey Thomas,New Brandon
95,Mr. Jeffery Torres DDS,Allenfort
96,Jonathan Brown,Mccoyfort
97,Joseph Thomas,East Judith
98,Ryan Hernandez,Alexandramouth
99,Jorge Sawyer,East Katherineland
100,Paige Simpson,Craigshire
101,James Garcia,Romeroland
102,Dr. Ashley Green MD,Horneland
103,Jessica Robbins,Elliottton
104,Dr. Dawn Taylor,Sandersfort
105,Chelsea Williams,New Craigton
106,David Walker,Michellestad
107,Jessica Peterson,Michellehaven
108,Jordan Campbell,South Pamela
109,Kendra Robinson,New Lucashaven
110,Dalton Owens,Lake Brettmouth
111,Leslie Rivera,Victoriashire
112,Amy Walker,Colemanshire
113,Cynthia Hall,South Cynthiaborough
114,Nicholas Doyle,Tammyborough
115,Kathryn Lopez,New Jefferychester
116,Samuel Burnett,Ericamouth
117,Lonnie Mejia,North Deanna
118,Justin Ross,Anneberg
119,David Love,South Jonathan
120,Ronald Baker,Lake Richardmouth
121,Judy Branch,Port Jessicaview
122,Jade Garcia,Coxmouth
123,Kristina Martinez,Reneeport
124,Andrew Duncan,South Carolynshire
125,Megan Jones,Port Danielle
126,Patty Phillips,South Michaelmouth
127,Melissa Morgan,East Jacob
128,Michael Rodriguez,North Samanthafurt
129,Sergio Odom,New Jose
130,Dr. Angela Davidson,North Frank
131,Peter Johnson,Christophermouth
132,Tina Pruitt,Lake Kevinhaven
133,Alex Perry,Castilloberg
134,Lisa Davis,Lake Cliffordland
135,Deborah Allen,Lake Philip
136,Rachel Smith,East Regina
137,William King,Deanstad
138,Alexis Flores,Gregorychester
139,Tammie Stark,Bautistashire
140,Crystal Benson,West Erictown
141,Caitlin Smith,Wendyville
142,Kim Freeman,Hebertburgh
143,Erin Ray,Williamsfort
144,Adam Cameron,Porterchester
145,Mary Nunez,West Michaelland
146,Courtney Parks,Richardsonstad
147,Elizabeth Porter,North Austin
148,Kim Kirby,Donnafurt
149,Joseph Macdonald,West Jasmineborough
150,Veronica Delgado,Jameston
151,Richard Marshall,North Renee
152,Jeremiah Park,Michelleburgh
153,Kelly Blanchard,Kathleenland
154,Denise Bridges,Josephview
155,Reginald Moreno,Elizabethport
156,Bradley Hughes,Markton
157,Jonathan Torres,Browntown
158,Charles Anderson,Liumouth
159,Regina Brown,Curtischester
160,Nancy Palmer,North Larry
161,Jamie Lewis,Garciamouth
162,Brian Weber,West Jonathanland
163,Patrick Phillips,East Jeffrey
164,Brenda Reese,Justinside
165,Deborah Stone,New Amyville
166,Christine Daniels,West Lisamouth
167,Amanda Ross,Mcintoshfurt
168,Rachel Wood,Lauratown
169,Christopher Diaz,Crosshaven
170,Mary Hernandez,West Ashleyland
171,Michael Hill,Lake Dalefurt
172,Mary Benton,Flynnbury
173,John Curtis,Pearsonstad
174,Jimmy Rasmussen,Davidsontown
175,Jennifer West,Holmesville
176,Michael Woods,Cherylmouth
177,Vincent Collins,Port Jenniferton
178,Casey Burke,West Albertfort
179,Amanda Carter,Kimberlytown
180,Douglas Rosales,Port Charlesmouth
181,Larry Frazier,Traceystad
182,Heather Rodriguez,New Michaelmouth
183,Allison Hale,Jacksonfurt
184,Thomas Mathis,Colemanland
185,Laurie Ward,Morganhaven
186,Daniel Brandt,North Katherine
187,Christopher Kidd,East Denise
188,Beth Burnett,Lake Rhonda
189,Jennifer Sparks,Suarezburgh
190,Jose Gomez,Joneston
191,Alexandria Nelson,South Kylemouth
192,Sandra Reed,Jacobstad
193,Justin Bates,Davidville
194,Nicole Callahan,Lake Annaport
195,Kathleen Freeman,Stephaniechester
196,Wayne Alexander,South Melissaborough
197,Andrew Ramirez,New Vanessaland
198,Whitney Liu,Bellbury
199,Lisa Scott,Abigailfort
200,Brenda Smith,Ellentown
201,Karen Johnson,Williamsside
202,Natalie Montgomery,Jenniferberg
203,Madison Briggs,Ellismouth
204,Anthony Snyder,New Christopherberg
205,Andrea Shea,Lake Samuelfurt
206,Jason Ford,Huntland
207,Melissa Wheeler,East Rebecca
208,Anthony Frazier,Richardchester
209,Angela Taylor,Norriston
210,Chelsea Jackson,New Steve
211,Joshua Richardson,Scottfort
212,Carla Patton,Lake Kimberlyland
213,Dennis Foster,Port Christineville
214,Stephen Morris,Jefferyborough
215,Michael Bullock,Blankenshipstad
216,Kimberly Nicholson,Petershaven
217,Breanna Washington,Veronicashire
218,Christina Rivera,Port Lauratown
219,Hannah Blair,Hillshire
220,Laura Mcguire,Jamesmouth
221,Jeffrey Jones,South Gregoryshire
222,Sydney Carson,Warrenland
223,Bruce Nixon,Davisborough
224,Chase Brown,Karenshire
225,Alan James,Danielleville
226,Sandy Brooks,East Jeffreytown
227,Thomas Reynolds,Anthonystad
228,Patrick Day,Kimberg
229,Tammy Perry,Torreshaven
230,Susan Hunt,Greenville
231,Jeffrey Sullivan,Joeborough
232,Marie Porter,East Wayneland
233,Alexis Wheeler,Port Melissa
234,Leslie Blair,South Travismouth
235,Linda Smith,Thomashaven
236,Joy Young,Markstad
237,Sara Eaton,South Alan
238,Patrick Velazquez,Jacobsview
239,Kelly Clark,Wilsonfort
240,Ruben Booth,South Nancyhaven
241,Kevin Mullins,West Christopherchester
242,Douglas Fritz,West Jackie
243,Gina Bray,Yanghaven
244,Theresa Burton,South James
245,Kelsey Craig,North Allisonstad
246,Kathleen Lee,Blankenshipmouth
247,Shawn Evans,West Andrew
248,Michelle Moses,Martinezstad
249,Marie Jackson,Darleneside
250,Austin Mcgrath,Mcknightborough
251,Michael Short,Gonzalezchester
252,Shannon Ortega,New Miranda
253,Jeremy Warner,West Maryshire
254,Sandra Hall,East Jakeland
255,Brenda Richardson,South Joseph
256,Jennifer Wilson,Yorkville
257,Thomas Flynn,Parkside
258,Jacob Carter,Lopezhaven
259,Kelly Allen,Chelseamouth
260,Stephen Morris,Tatefurt
261,Ashley Hernandez,Larryton
262,Steven Downs,South Lisaberg
263,Bianca Walters,North Erin
264,Andrew Carter,Kristinstad
265,Anne Wolf,North Stephanieberg
266,Michael Reyes,New Phyllisland
267,Samuel Ayala,Lake Alexander
268,Denise Sanchez,East Justinside
269,Barbara Brennan,New Erin
270,Rose Velasquez,West Tara
271,Eric Campbell,North Michael
272,Samantha Carr,Maryhaven
273,Kimberly Figueroa,Princemouth
274,Susan Burton,West Megantown
275,Patrick Garcia,South Connieview
276,Emily Gutierrez,Coltonfort
277,Michael Stanton,North Christopherfort
278,Dr. Mariah Webster,West Laurenchester
279,Tara Lee,Espinozaville
280,Nancy Ross,Zunigamouth
281,Zachary Vang,South Russellmouth
282,Anna Smith,South Donna
283,Austin Zuniga,Barryburgh
284,Brandon Thomas,South Pamelaton
285,Stephanie Bennett,West Danielle
286,Kelly Nichols,Lake Robert
287,Rebecca Williams,Isaacland
288,Jordan Dominguez,Lake Codyport
289,Leah Gonzalez,Lake Lisamouth
290,Keith Freeman,New Andre
291,Aimee Macias,Meganstad
292,Peter Wolfe,Wilsonmouth
293,Amy Hebert,Markburgh
294,Timothy Reid,New Anna
295,Mark Cruz,Lake Justinbury
296,Harold Garner,Matthewbury
297,Pamela Sandoval,New Courtneyfurt
298,Ruth Cox,Knoxbury
299,Charles Foster,Port Jessicaland
300,Suzanne Ortega,Port Stacy
301,Christopher Obrien,Adamston
302,Brandon Lewis,Perkinshaven
303,Tracy Garcia,Royside
304,Pam Hobbs,Bridgetbury
305,Timothy Greene,Zunigaborough
306,Samuel Moran,Zacharyside
307,Maria Cox,New Jon
308,Rachel Edwards,Port Maurice
309,Jordan Williams,Port Timothy
310,Kimberly Osborn,Port Samuelfort
311,Heather Smith,Frostchester
312,Clifford Lynn,North Robertbury
313,Brandon Parker,West Christopher
314,Mr. Travis Peters,East Daniel
315,Mark Dennis,Kimberlychester
316,Leslie Guerrero,East Anthonytown
317,Chelsey May,Melissatown
318,Bill Turner,Kyleton
319,Tiffany White,Rhondaburgh
320,Casey Wood,Port Daisy
321,Julie Frost,Penaside
322,Anthony Armstrong,Lake Justinside
323,Rick Ramos,Murraymouth
324,Casey Barrera,East Paulbury
325,Daniel Buckley,Amandaville
326,Jennifer Campos,Jessicaton
327,Kathleen Foster,New Melissa
328,Anthony Cortez,Michelleberg
329,Peter Webb,West Rachelview
330,Elizabeth Wade,Johnsonview
331,Michael Johnson,Rivaston
332,Jacob Santana,Lake Courtney
333,Paul Wright,Beltranmouth
334,Ryan Sims,Christopherbury
335,Cole Anderson,East Ericmouth
336,Linda Boyd,Melissamouth
337,Doris Hodges,Port Anthonyshire
338,Steven Hughes,Port Kristinfurt
339,Kristen Hammond,North Kellyport
340,Melissa Waters,Carlsonshire
341,Steven Palmer,Angelafurt
342,Kyle Dalton,Aaronshire
343,Joe Fields,Lake James
344,Zachary Gillespie,Claireberg
345,Jason Chang,Johnsonville
346,Tyrone Arias,Phyllisburgh
347,Jennifer Miller,North Christine
348,Aaron Shah,Lake Lauramouth
349,Joseph Shaffer,Martinezville
350,Mikayla Mack,South Dylan
351,Dana Washington,Mooneyville
352,Alice Bell,Lake Jeremyburgh
353,Kenneth Greer,East Laura
354,Lindsay Nguyen,Lake Carol
355,Danielle Holmes,New Charles
356,Dawn Alvarez,South Matthew
357,Rebecca Gonzalez,West Rhondachester
358,David Wood,Benjaminmouth
359,Bradley Moore,Lake Michelleborough
360,Kayla Jackson,New Jeremyland
361,Gregory King,Traceyshire
362,Steven Murray,Hallhaven
363,Mark Williamson,Staffordmouth
364,Kevin Pugh,Lake Tammyport
365,Marissa Glover,Jasminebury
366,Joe Wright,North Jesse
367,Megan Smith,Lake Jonathanbury
368,Robert Sherman,Holdenmouth
369,Kelly Wilson,Marchaven
370,Sharon Edwards,North Lindsey
371,Kelly Stanley,Lake Christopher
372,Wyatt Cole,West Aaron
373,Melanie Booker,Lake Tristan
374,Amanda Frazier,Barrerahaven
375,Michael Lopez,Watsonstad
376,Michelle Monroe,Zacharyland
377,Rachel Kane,Walshtown
378,Jason Brown,Jenniferside
379,Kimberly Arroyo,North Charles
380,Julia Huang,Lake Bruce
381,Scott Young,Port Juan
382,Erin Dunn,Meghanmouth
383,Tristan Nguyen,Port Sarahbury
384,Adrienne Meyer,West Elizabeth
385,Shawn Wilkins,Shannonshire
386,Sue White,Liutown
387,Dustin Shaw,Abigailfort
388,Kyle Lamb,Mitchellbury
389,Alyssa Mcdonald,Ellisonton
390,Jennifer Ryan,New Brent
391,Sandra Becker,North Karenport
392,Stacey Burke,Port Heather
393,Henry Noble,Kathrynview
394,Todd Hardy,Josephmouth
395,Corey Smith,North Patriciafurt
396,Amanda Hahn,Donberg
397,Brian Martin,Frederickbury
398,Adam Richardson,Port Susan
399,Dominique Young,Ryanton
400,Matthew Bennett,Lake Daryltown
401,Erin Haynes,North Aaronside
402,Christopher Wilson,South Oscar
403,Adam Bradford,New Danny
404,Molly Norman,South Patrick
405,Angela Tate,South Bradleyhaven
406,Mark Andrews,Port Jacobchester
407,Steven Short,Catherineshire
408,Katherine Thompson,South Catherineville
409,James Jensen,Robertschester
410,Kelsey Coleman,Michaelmouth
411,Donald Reyes,Gardnerport
412,Laura Orr,Larsonmouth
413,Patrick Sanchez,East Christopher
414,Michael Hernandez,Allenton
415,Steven Taylor,Markmouth
416,David Wall,Tinamouth
417,Michael Garcia,Jodiport
418,Tyrone Houston,Tiffanyshire
419,Tiffany Clark DVM,West Dana
420,Robert Jenkins,East Nicole
421,Elizabeth Thomas,Anitaview
422,Matthew Ross,Port Brandi
423,Dr. Kurt Jones,Lake Jasonview
424,Nicole Townsend,Adamberg
425,Tonya Nash,Freyfort
426,Darlene Byrd,Lake Juanside
427,William Burgess,Lake Denisehaven
428,Calvin Smith,Wilsonmouth
429,Michael Sparks,West Anthony
430,Ricardo Fleming,Port Donna
431,Natasha Webster,West Jennifer
432,Joshua Wilson,Lake Gregoryton
433,Christine Middleton,Port Tonyport
434,Ryan Casey,South Gabrielaton
435,Eric Reeves,Morrisville
436,William Mendez,Whiteside
437,Nicole Lopez,Ethanmouth
438,Maurice Bowen,Port Jeffrey
439,Frank Hernandez,New James
440,Dwayne Franco,Chelseabury
441,Kathryn Dominguez,Adamchester
442,Lisa Hamilton,South Ebonyland
443,Amy Russell,West Danielhaven
444,John Torres,East Amytown
445,Stephanie Evans,New Brendafurt
446,Derrick Curtis,North Brett
447,Jamie Smith,West Dwaynefort
448,Katherine Riley,Shermanbury
449,Brian Hatfield,New Breannaton
450,Courtney Marshall,Lake Douglasbury
451,Joseph Richardson,South Robin
452,Caitlin White,Annland
453,Sarah Garrett,North Leslie
454,Dawn Monroe,Robertston
455,Peggy Young,Bradleyshire
456,Duane Smith,Franklinshire
457,Paul Wilson,New Michael
458,Mario Mitchell,Matthewport
459,Joseph Vasquez,Samanthaport
460,Rebecca Bennett,Port Kelli
461,Peggy Pearson,Port Andrewshire
462,Dale Mason,Howardview
463,David Gibson,South Matthewfurt
464,Stefanie Harris,Johnton
465,Eric Glenn,East Angela
466,James Bailey,Moniqueland
467,Vanessa Johnson,West Stuart
468,Maria Lamb,West Phyllisbury
469,Andrew Ramos,Westton
470,James Wyatt,Bryanfort
471,Christopher Parks,Carrieberg
472,Colin Bolton,Baileyburgh
473,Steven Perez,West Joshua
474,Jocelyn Jimenez,Parkerfurt
475,Joshua Nguyen,Kruegertown
476,Colin Ramirez,Fergusonmouth
477,Dr. Melissa Marks,Maloneton
478,Phillip Thomas,North Melanietown
479,Michael Webb,New Debbie
480,Ashlee James,North Caitlin
481,Jesse Burns,Smithshire
482,Reginald Little,South Davidfort
483,Juan Watts,Lake Ericamouth
484,Kenneth York,Johnsonside
485,Justin Hunter,West Mary
486,Margaret Cantu,East Zacharyhaven
487,Melissa Stanley,Markside
488,Keith Powell,New Janiceburgh
489,Samantha Wade,Laurenport
490,Melissa Henderson,North Douglasberg
491,Amber Evans,Sandrashire
492,Nathan Villarreal,Bretttown
493,Ann Harding,South Jesseville
494,Manuel Arnold,Allenshire
495,Robert Murphy,Espinozaville
496,Sheila Wise,Boydmouth
497,Kim Carroll,Port Christopherfurt
498,Donald Brady,Lopezchester
499,Karen Oneal,Mitchelltown
500,Madison Robinson,North Anne
501,Barbara Hansen,Brandonmouth
502,Jennifer Wright,Nicoleland
503,Martha Martinez,Brandonport
504,Philip Zavala,Sandraview
505,Gerald Cunningham,West Lisa
506,Deborah Robertson,West Darius
507,Evan Gonzalez,Ricestad
508,Abigail Neal,North Jessicastad
509,Travis Gibson,Kellyhaven
510,James Douglas,Millermouth
511,Nicholas Herman,New Andrea
512,Jason Parsons,Port Jamesfort
513,Jennifer Blackwell,East Timothytown
514,Mr. Roberto Hanna,Hillborough
515,Jamie Hicks,Bryanttown
516,Angel Jones,Joneschester
517,Bryan Brown,Jenniferside
518,Kelly Vincent,Kristiemouth
519,Jennifer Koch,Port Kenneth
520,Alexandra Moore,Guzmanshire
521,Justin Woodard,New Theresa
522,Angela Landry,Port Jamestown
523,George Mccullough,Hardyfort
524,Kimberly Berry,Aaronstad
525,Nathan Mckinney,New Lauramouth
526,Hunter Hunt,South Aliciaburgh
527,Christine Golden,East Matthewborough
528,Chelsey Thomas,Leonbury
529,David Morales,Lawrenceshire
530,Sara Martinez,East Ryan
531,William Maldonado,North Christopher
532,Christian Vargas,Danielleview
533,Derek Stuart,West Kenneth
534,Candice Anderson,Davidtown
535,Timothy Wilson,Garciaview
536,David Collins,Wilsonside
537,William Barry,West Samantha
538,David Walker,Sabrinashire
539,Mary Sandoval,North Edwardview
540,Heather Wallace,South Brett
541,Joel Perry,Collinsview
542,Brianna Sharp,New Michaelmouth
543,Kristin Butler,Wayneburgh
544,Robert Carr,North Christineside
545,Edwin Quinn,Newmanberg
546,Veronica Parks,Jamietown
547,Ashley Cervantes,Bryanville
548,Richard Montes,West Gabrielabury
549,James Patterson,Hawkinsshire
550,Timothy Good,Kimberlyton
551,Sylvia Gonzalez,Port Julieland
552,Abigail Osborne,Lake Louisbury
553,Amber Wilson,North Heidi
554,Suzanne Miller,West Bradleyfort
555,Shawna Glover,North Territown
556,Kenneth Hernandez,Port Jennifer
557,Jessica Potter,Lake Kathy
558,David Cohen,Melissaville
559,Nancy Martinez,Lake Christopher
560,Linda Grant,Holtfurt
561,Dustin Hahn,Lake Monicachester
562,Kimberly Turner,Alanton
563,Samuel Carter,Nicholsstad
564,Monica Crawford,South Emma
565,Robert Wagner,West Christopher
566,Elizabeth Hernandez,Danielton
567,Robert Hancock,Johnbury
568,Joseph Stone,West Ashleeton
569,Michelle Brown,Guerrerostad
570,Robert Stevens,Rogersmouth
571,Michael Stanley,East Melissaburgh
572,Sarah West,Lake Jessicafort
573,David Gibson,New Nathan
574,Jenny Schroeder,Arnoldtown
575,Michael Coleman,Brownbury
576,Rebecca Jordan,Davidhaven
577,Caitlin Shields,Colemanville
578,Jordan Calderon,East Amyshire
579,Ronnie Bell,Collinshaven
580,William Smith,Spencerside
581,Richard Mills,Wilsonshire
582,Hannah Salazar,Bradychester
583,Andrew Brown,Serranoland
584,Robin Kramer,Hernandezhaven
585,Thomas Lee,Pottsside
586,George Holloway,Port Brandi
587,Andrew Wood,Nathanburgh
588,Aaron Robinson,Lake Christophertown
589,Eric Hines,Lake Steven
590,Thomas Stephens,Allenside
591,Sharon Campbell,Kevinmouth
592,Miguel Booker,Wendyland
593,Kelli Nichols,North Kevinland
594,Nicole Harrison,New Donna
595,Jeff Yoder,Jessicaburgh
596,James Orozco,Burgessview
597,Jennifer Shelton,Williamtown
598,Miranda Gates,East Aliciaview
599,Robert Jackson,East Danielberg
600,Justin Schroeder,North Bonnieside
601,Joshua Fuentes,Jensenshire
602,Matthew Kennedy,West Sethfurt
603,Vincent Prince,Roymouth
604,Jessica Gonzalez,Thomasside
605,Katie Palmer,Carrilloburgh
606,Andrew Wolf,South Rhonda
607,Brenda Wu,South Rose
608,Carla Coleman,Robertborough
609,Jackie Cox,Port Fernando
610,Jamie Johnson,Tracyberg
611,Gina Smith,North Jonathanborough
612,Tiffany Ayala,Stevensonshire
613,Yvonne Johnson,Christinaport
614,Lindsey Lewis,Courtneyville
615,Melissa Crawford,Smithville
616,Jack Brown,West Angelaburgh
617,Christina Williams,New Anthonyshire
618,Robert Wagner,Leetown
619,Alicia Lopez,Riceview
620,Michael Smith,Davidhaven
621,Taylor Kelley,Thomasfurt
622,Seth Arias,Lake Tiffanyfurt
623,Susan Martinez,East Noah
624,Shannon Nelson,Port Loganton
625,Sarah Shelton,Thomasshire
626,Roger Alexander,New Kimberlyfort
627,Kristen Price,West James
628,Jonathan Hansen,North Rogerhaven
629,Cynthia Clay,Martinezview
630,Kimberly Pineda,Markbury
631,Sarah Edwards,North Johnfurt
632,Doris Palmer,Melissaborough
633,Karen Harris MD,North Paige
634,Jason Roberson,New Susan
635,Aaron Navarro,Josephmouth
636,John Reeves,West Williamshire
637,Kathryn Peters,Carlsonchester
638,Melissa Wheeler,East Samuel
639,Amanda Schaefer,Schaeferbury
640,Eric Wagner,Marilynport
641,Joseph Ramos,North Jenniferberg
642,Alexander Flores,Port Patriciashire
643,Heather James,North Catherineview
644,Katelyn Jones,North Matthew
645,Julie Hill,Port Kathyborough
646,Jeanette Carney DDS,Priceside
647,Mr. Thomas Terrell,Port Laura
648,Joshua Butler,Port Ericside
649,Steven Owens,Wilsonbury
650,John Williams,Michaeltown
651,Angel Murray,South Scott
652,Larry Allen,New Carol
653,Todd Cortez,Lake Mauricemouth
654,Shane Jones,Mcdonaldview
655,Gregory Lee,Taylorport
656,Patricia Rowe,North Michaelhaven
657,Scott Davis,New Toniville
658,Becky Harris,North Catherine
659,Dr. Justin Webster,Scotttown
660,Sergio Gonzalez,South Luke
661,Renee Rogers,Reeseland
662,Rebecca Alvarez,Frederickbury
663,Marc Moore,Garciaside
664,Rebecca Murray,North Peter
665,Ralph Guerrero,Allenmouth
666,James White,Lake Nicholas
667,Daniel Lopez,Bondbury
668,Jacqueline Carson,Adamville
669,Scott Mills,Frazierchester
670,Ronald Reeves,Jacquelineville
671,Amanda Romero,Valdezview
672,Mark Ortiz,South Kathryn
673,Angela Ramsey,New Cynthiamouth
674,Andrea Mitchell,Riverafort
675,Danny Thomas,North Loriville
676,Stephanie Robinson,Cynthiastad
677,Phillip Hanson,Earlfort
678,Robert Hampton,North Kyle
679,Terry Rodgers,Walkerhaven
680,Joe Anderson,Kiaraland
681,Taylor Barnes,Lake Jessica
682,Phillip Richards,Moraleshaven
683,Megan Marsh,East Michealbury
684,Laura Martinez,Levyfurt
685,Taylor Russell,New Kevinchester
686,Alexander Martinez,Joshuastad
687,Amanda Garcia,Michaelview
688,Jennifer Saunders,Martinezmouth
689,Angel Johnson,East Maria
690,Kathryn Crane,Masseyton
691,Laura Simpson,Lake Laurenburgh
692,Thomas Brooks,Lake Michael
693,Kathryn Oliver,Adamfort
694,Donna Hebert,Garciaville
695,Matthew Norton,Marioshire
696,Joseph Goodwin,Turnerside
697,Kristin Fernandez,West Shaneside
698,Samuel Moore,Johnnyshire
699,Tabitha Griffin,East Gary
700,Bradley Anthony,New Robert
701,Angel Kennedy,Craigland
702,Jessica Bond,East Amanda
703,Dillon Cook,East Krystalmouth
704,Laura Olson,New Michael
705,Abigail Frost,Boydfurt
706,Lori Cohen,Benjaminport
707,Stacy Fuller,Port Alex
708,Kimberly Carter,Christophershire
709,Jennifer Neal,West Kathleen
710,Mrs. Jessica Ryan DVM,West Kaitlynstad
711,Stephanie Hawkins,Mathewmouth
712,Sarah Brooks,South Jill
713,Rhonda Fields,Krystalport
714,Autumn Sullivan,East Charlesville
715,Brian James,Andersonborough
716,Joshua Price,Hooperville
717,Kenneth Stephens,Richardburgh
718,Angela Jones,West Caroline
719,Andrew Hall,East Jaredchester
720,Erika Gordon,Jacobberg
721,Robert Brown,Port Peggy
722,Michael Chen,West Tyler
723,Jonathan Strong,Lake Thomas
724,Philip Taylor,Hillmouth
725,Yvonne Jones,New Rickyburgh
726,Shaun Nelson,East Steven
727,Brian Stokes,East Heidistad
728,Christina Barnes,Reginaldborough
729,Michelle Hensley,Annestad
730,Isabella Maxwell,Kaylaville
731,Caitlyn Ware MD,Moorehaven
732,Rebecca Wu,Mariafurt
733,Mark Jackson,West Karenbury
734,Amanda Hayes,Annetteside
735,Nancy Wright,Richardsonland
736,Patricia Clark,South Benjamin
737,Stephanie Huang,Port Stephen
738,Rose Stokes,West Shawnside
739,Cory Watts,Port Lisa
740,Natalie Garcia,Port Sandra
741,Donna Ortega,North Matthew
742,Kristine Tyler,Tashatown
743,Troy Peterson,Rodriguezberg
744,Christopher Lee,Lake Matthew
745,Melissa Jordan,Port Clarenceberg
746,Stephanie Ward,Powersmouth
747,Roger Sutton,North Jamesfort
748,Jessica Roberts,Hayesmouth
749,William Henderson,Jacksonland
750,Daniel Cross,East Davidside
751,Joseph Richmond,Gonzalezburgh
752,Marcus Miller,Fostertown
753,Lance Sanders,New Wayne
754,Jose Grant,New Aaron
755,Martha Jimenez,Davisville
756,William Watson,East Carlos
757,Charles Miller,Leachfurt
758,Victoria Pham,Williamsmouth
759,Robin Mcclain,South Angela
760,Louis Poole,Smithside
761,Mr. Ryan Ferguson MD,North Ariel
762,Chase Delgado,Gordonberg
763,Amanda Brown,North Cheryl
764,Cynthia Duncan,Hallshire
765,Christopher Wyatt,Tonyastad
766,Wanda Hall,Chadfurt
767,Nicole Palmer,Amyfurt
768,Jeremy Gibson,West Jessica
769,Angela Smith,New Scott
770,Megan Torres,Dominicside
771,Jacqueline Brooks,Gonzalezmouth
772,Lisa Olson,Maryhaven
773,Tyler King,West Scott
774,Amber Wilson,Joshuaside
775,Michael Taylor,East Sandra
776,Raymond Riggs,Heatherborough
777,Amy Odom,Herreramouth
778,Sherri Morrison,Port Feliciachester
779,Daniel Manning,Berryshire
780,Cameron Welch,South Brenda
781,Mark Bass,Lake Davidchester
782,Don Porter,North Rachel
783,Anna Griffin,Coxside
784,Mark Garcia,Julianport
785,Sara Mahoney,Lake William
786,Denise Fry,Sextonchester
787,Tammy Smith,Taylorstad
788,Andrew Brown,South Bianca
789,Shelby Guzman,East Kirkland
790,John Stevenson,New Ericmouth
791,Emily Anderson,East Richardmouth
792,Brandon Hughes,North Susanburgh
793,James Hopkins,South Tina
794,Samantha Delgado,Riggsport
795,Matthew Peck,Thomasville
796,Karen Hamilton,West Rodneyfort
797,Jessica Wilson,East Steven
798,Justin Peters,North Hectorbury
799,Elizabeth Lawson,Rodgersbury
800,Dennis Lewis,Carlsonstad
801,Brooke Jordan,Lewischester
802,Melanie Barron,Briannaville
803,David Lynch,Carrieshire
804,William James,Gregorychester
805,Thomas Williams,Lake Kimberlyberg
806,Emily Cervantes,New Patrickmouth
807,Cheryl Collins,New Courtney
808,Debra Dickerson,Port David
809,Johnathan Bell,Sparksport
810,Jennifer Velasquez,Huanghaven
811,John Johnson,New Richard
812,Christine Anderson,North Karenton
813,Christopher Liu,Martinland
814,Jake Hanson,West Reginaton
815,Samuel Gay,North Leviview
816,Matthew Baldwin,Racheltown
817,Richard Rodriguez,Port Jacob
818,Autumn Cook,New Paul
819,Leon Crawford,East Courtneyberg
820,Crystal David,North Barbara
821,William Mills,New Erikborough
822,Gerald Medina,New Jeffrey
823,Derek Miller,Kristenville
824,Phyllis Murray,Port Michael
825,James Eaton,Michaelview
826,Jessica Green,New Bobby
827,Thomas Cook,Jodiville
828,James Wright,Marychester
829,Penny Coffey,Davisfort
830,Michael Wright,Meganside
831,Angela Cowan,New Kathrynville
832,Jesse Johnson,Johnsonbury
833,Darrell Hayes,Port Richard
834,Dustin Wagner,Terrancefurt
835,Micheal Parker,New Ernest
836,Russell Ruiz,Nicoleborough
837,Charles Hartman,Lake James
838,Lauren Carrillo,East Patrick
839,Bridget Wilson,East Kyleborough
840,Andrew Norman,Kathleenberg
841,Pamela Pittman,Downston
842,Heather Rhodes,New Sarahview
843,Jennifer Jacobson,Port Johnview
844,Joshua Dunn,West Dianashire
845,William Lopez,Leslieview
846,Kathryn Mullins,Torresmouth
847,Mrs. Chloe Singh,Phamfort
848,John Warner,Andersonstad
849,Lisa Little,Amyhaven
850,Timothy Robinson,North Virginia
851,Jeremy Garcia,North Karen
852,Jordan Harris,South Bradley
853,Christopher Thomas,Port Brianfort
854,Justin Patel,West Angela
855,Mary Sloan,West Margaretfurt
856,Nathan Butler,Wrighttown
857,Johnny Brooks,Bernardberg
858,Theresa Martin,Scottstad
859,Rebecca Smith,New Antonio
860,Melissa Smith,Greeneberg
861,James Gonzalez,South Richardfort
862,Richard Peterson,Rodriguezview
863,Jeffrey Wilson,West William
864,Laura Sanford,Lake Phillip
865,Joseph Guzman,South Terrance
866,Laura Preston,East Joelmouth
867,Casey Rojas,Millerview
868,Nicholas Stark,Lake Edward
869,Travis Lee,Rebeccamouth
870,Frank Rodriguez,Gonzalezshire
871,Jamie Gordon,Christinaport
872,Elizabeth Myers,South Kaylaport
873,Dr. Jason Clark,Caseshire
874,Rachel Williamson,Taylorburgh
875,Amy Lamb,Port Marilynburgh
876,William Combs,West Melissa
877,Patrick Hunter,West Jimbury
878,Sandra Shannon,Summerburgh
879,Elizabeth Cook,Ericville
880,Robert Lawson,Williamhaven
881,Curtis Cooper,Williamsside
882,Thomas Paul,Carterborough
883,Katelyn Duke,Jacksonchester
884,Karen Gray,Tamaraton
885,Anthony Erickson,Christinaport
886,Hector Webb,Solisside
887,Chad Russell,North Andrew
888,Douglas Romero,South Donna
889,Lisa Bryant DDS,West Gregoryburgh
890,Joshua Brown,East Rodney
891,Christopher Knight,East Taylorburgh
892,Rebekah Donaldson,Pricebury
893,Matthew Terry,Port Jonathanchester
894,Maria Allen,Lake Wendyshire
895,Nicholas Munoz,Lake Ryan
896,Madeline Boyer,North Briannafurt
897,Timothy Gordon,Port Brandon
898,Leah Holden,Coxberg
899,Jason Howell,Gomezfurt
900,Bonnie Williams,Jenniferbury
901,Melissa Miller,North Michael
902,Ashley Ramirez,East Gabrielland
903,Todd Bell,North Jerry
904,Sean Molina,Julianberg
905,Christopher Dickson,Charlesshire
906,Charles Perry,North Jefferyfurt
907,Mark Conrad,East Davidfort
908,Thomas Hunt,Cabreraberg
909,Sherry Martin,North Amanda
910,Linda Hanson,North Jeanside
911,Cheryl Brown,Georgeport
912,Kayla Wilson,Webbport
913,Joseph Jennings,South Kellyton
914,Patty Nguyen,Lake Andrewmouth
915,Robert Herrera,North Marilynmouth
916,Jennifer Patterson,Rachelberg
917,Mrs. Abigail Moore,Carpenterbury
918,Mary Ruiz,Port Mariafurt
919,Dr. Thomas Macias,West Rebekahport
920,James Thompson,South Michelleberg
921,Laurie Fox,Helenview
922,Jacqueline Ferguson DDS,Aaronberg
923,Kevin Forbes,Jeffreyberg
924,Daniel Howell,Port Breanna
925,Larry Morales,North Michael
926,Lindsay Davis,Shannonville
927,Dr. Manuel Moore,East Peter
928,Emma Stevens,Amberland
929,Walter Wilson,Hartmanhaven
930,Stacey Morgan,Leeton
931,Michael Nelson,New Alejandro
932,Allison Moody,New Dale
933,Michael Hughes,Foxmouth
934,Caitlin Wilkinson,Armstrongfort
935,Jennifer Little,North Taylorport
936,Tiffany Martinez,Bernardburgh
937,Thomas Brown,Petermouth
938,Ronald Taylor,Garrettburgh
939,David Fernandez,Suzannemouth
940,Misty Wiggins,Wadeberg
941,Mario Mendez,Dennismouth
942,Lisa Sanchez,Campbellland
943,Susan Deleon,West Crystalbury
944,Lisa Brown,Douglashaven
945,Rebecca Gray MD,Liumouth
946,Lance Sanchez,Lake Alicia
947,Lawrence Cunningham,Kanetown
948,Calvin West,North Luke
949,Tina Obrien,Port Justinbury
950,Alicia Thompson,Traceymouth
951,Jason Rodriguez,North Christopherberg
952,Judith Cox,Davisberg
953,Cheryl Edwards,Port Melissa
954,Stephanie White,Brownbury
955,Matthew Brown,East Willie
956,Whitney Duncan,Christopherfort
957,Pamela Carson,Lake Jameshaven
958,Debbie Martinez,North Robert
959,Steven Meza,Port Karenberg
960,Darryl Carlson,Lake Emilyview
961,Darlene Mcbride,East Gregory
962,Jessica Tran,Williamhaven
963,Jack Garcia,North John
964,Bradley Riggs,Leeton
965,John Chavez,Smithborough
966,Laura Fox,Loveside
967,Jessica Bowman,South Paulstad
968,David Vazquez,Griffinhaven
969,Julie Anderson,North Mark
970,Nicole Martin,Hoganhaven
971,Matthew Brown,West Richardfurt
972,Natalie Nguyen,West Kevin
973,Laura Anderson,Allisonshire
974,Jordan Steele,Williammouth
975,Matthew Walsh,Jessicaside
976,John Hamilton,Seanborough
977,Meredith Stevenson,Port Lorimouth
978,Aaron Thompson,Melissaborough
979,Eric Horne,New Rhondaton
980,Nicholas Griffin,Cookhaven
981,Heather Baird,Ruizfort
982,Carolyn Stark,North Vincent
983,Alexander Logan,Port Jeffreyshire
984,Jason Vasquez,Sarahshire
985,Tyler Barnes,Drewland
986,Alan Estrada,West Mary
987,William Woods,Port Jenny
988,Robert Liu,East Tiffanyville
989,Jimmy Krause,Eatonstad
990,Daniel Walker,Thomasstad
991,Jessica Miller,Lake Lauraview
992,Charlotte Pena,Christopherbury
993,Kenneth Mueller,West Kellyton
994,Steven Torres,East Josephbury
995,Jason Alvarado,South Whitney
996,Jessica Mcguire,South Brittanychester
997,Elizabeth Cook,East Aliciafurt
998,Pamela Hall DDS,Lake Daniel
999,Benjamin Turner,North Kennethmouth
1000,Jonathan Gonzales,North Aimeeton
